{
	"system" : {
		"platform" : "windows64",
		"os_name" : "Windows 10",
		"os_version" : "10.0"
	},
	"error" : {
		"executable" : "quartus",
		"comment" : "not_applicable",
		"error_message" : "Access Violation at 0X00007FF96A3DA4B6",
		"source_file" : "unknown",
		"line" : "0",
		"stack_trace" : "\t0x7ff96a3da4b5: CCL_FIO + 0xa4b5 (?fio_display_path_too_long_assert_message@@YAXPEBD@Z + 0x85)\n\t0x7ff96a3db735: CCL_FIO + 0xb735 (?fullpath@FIO_PATH@@QEBA?AV?$basic_string@DU?$char_traits@D@std@@V?$allocator@D@2@@std@@XZ + 0x45)\n\t0x7ff8cd6dbad6: pgm_pgme + 0x3bad6 (?engage_ocpp_mode@PGME_PROGRAMMER@@QEAA_NPEAV?$vector@PEAVPGM_CHAIN_ELEMENT@@V?$allocator@PEAVPGM_CHAIN_ELEMENT@@@std@@@std@@@Z + 0x8d6)\n\t 0x724695b7: QtCore4 + 0x295b7 (?start@QThread@@QEAAXW4Priority@1@@Z + 0x427)\n\t0x7ff96d664f7e: MSVCR120 + 0x24f7e (_beginthreadex + 0x106)\n\t0x7ff96d665125: MSVCR120 + 0x25125 (_endthreadex + 0x191)\n\t0x7ff98df47033: KERNEL32 + 0x17033 (BaseThreadInitThunk + 0x13)\n\t0x7ff98fce2650: ntdll + 0x52650 (RtlUserThreadStart + 0x20)\n",
		"subsystem" : "unknown"
	},
	"quartus" : {
		"quartus_bits" : "64",
		"version" : "18.1.0",
		"build" : "625",
		"edition" : "Lite Edition"
	}
}